id,first_name,last_name,company_id,twitter_username
1,John,Ivanov,1,user1
2,James,Smith,1,user2
3,James,Garcia,1,user3
4,Maria,Kowalski,1,user4
5,Maria,Kim,1,user5
6,Maria,Brown,1,user6
7,Sophia,Ivanov,1,user7
8,David,Garcia,2,user8
9,Sophia,Kim,2,user9
10,Anna,Kim,2,user10
11,James,Brown,2,user11
12,Michael,Kowalski,2,user12
13,Olga,Müller,2,user13
14,John,Johnson,3,user14
15,David,Garcia,3,user15
16,Elena,Müller,3,user16
17,David,Smith,3,user17
18,David,Ivanov,3,user18
19,Olga,Petrov,3,user19
20,Sophia,Brown,3,user20
21,James,Kim,4,user21
22,Elena,Lee,4,user22
23,James,Müller,4,user23
24,Michael,Kim,4,user24
25,Elena,Kowalski,4,user25
26,Anna,Petrov,5,user26
27,Michael,Kowalski,5,user27
28,Michael,Smith,5,user28
29,Elena,Kim,5,user29
30,Michael,Garcia,5,user30
31,John,Kim,5,user31
32,Alex,Brown,5,user32
33,Olga,Lee,6,user33
34,Maria,Kim,6,user34
35,Maria,Müller,6,user35
36,Sophia,Smith,6,user36
37,John,Garcia,6,user37
38,John,Johnson,6,user38
39,David,Lee,7,user39
40,Olga,Garcia,7,user40
41,Maria,Lee,7,user41
42,James,Garcia,7,user42
43,Elena,Kim,7,user43
44,James,Smith,8,user44
45,Olga,Johnson,8,user45
46,Anna,Ivanov,8,user46
47,Anna,Johnson,8,user47
48,Michael,Johnson,8,user48
49,Maria,Kim,8,user49
50,John,Ivanov,8,user50
51,Alex,Smith,8,user51
52,Alex,Ivanov,9,user52
53,Elena,Lee,9,user53
54,Michael,Brown,9,user54
55,Anna,Müller,9,user55
56,Olga,Brown,10,user56
57,John,Brown,10,user57
58,Maria,Petrov,10,user58
59,Michael,Petrov,10,user59
60,Anna,Kim,10,user60
61,John,Kowalski,11,user61
62,Sophia,Ivanov,11,user62
63,Sophia,Ivanov,11,user63
64,Alex,Kim,11,user64
65,David,Müller,11,user65
66,John,Johnson,11,user66
67,Elena,Petrov,12,user67
68,David,Garcia,12,user68
69,David,Kim,12,user69
70,David,Kowalski,12,user70
71,Michael,Kim,12,user71
72,Anna,Garcia,13,user72
73,Olga,Lee,13,user73
74,David,Ivanov,14,user74
75,Alex,Garcia,14,user75
76,David,Smith,14,user76
77,Olga,Smith,14,user77
78,Olga,Kim,14,user78
79,David,Kowalski,14,user79
80,Elena,Kowalski,15,user80
81,Anna,Petrov,15,user81
82,David,Brown,15,user82
83,Maria,Smith,15,user83
84,David,Kim,15,user84
85,Alex,Petrov,15,user85
86,John,Johnson,16,user86
87,David,Lee,16,user87
88,Michael,Brown,16,user88
89,Anna,Brown,16,user89
90,James,Lee,17,user90
91,James,Müller,17,user91
92,David,Brown,17,user92
93,David,Kim,17,user93
94,David,Lee,17,user94
95,Maria,Kim,17,user95
96,Maria,Brown,17,user96
97,Anna,Garcia,17,user97
98,James,Lee,18,user98
99,Maria,Garcia,18,user99
100,Alex,Ivanov,18,user100
101,James,Johnson,18,user101
102,Sophia,Lee,18,user102
103,David,Petrov,18,user103
104,Michael,Lee,18,user104
105,Maria,Kowalski,18,user105
106,Alex,Petrov,19,user106
107,James,Lee,19,user107
108,Olga,Kowalski,19,user108
109,Maria,Kim,19,user109
110,David,Garcia,19,user110
111,John,Smith,20,user111
112,Alex,Ivanov,20,user112
113,Maria,Johnson,21,user113
114,Anna,Müller,21,user114
115,John,Garcia,21,user115
116,Sophia,Lee,21,user116
117,James,Garcia,21,user117
118,John,Garcia,22,user118
119,Maria,Kim,22,user119
120,Olga,Garcia,22,user120
121,David,Smith,22,user121
122,Elena,Kowalski,22,user122
123,Sophia,Kim,22,user123
124,Elena,Johnson,23,user124
125,Elena,Müller,23,user125
126,Elena,Smith,23,user126
127,David,Kowalski,24,user127
128,Maria,Kim,24,user128
129,Maria,Kowalski,24,user129
130,Olga,Smith,24,user130
131,Alex,Lee,24,user131
132,John,Petrov,25,user132
133,Anna,Johnson,25,user133
134,James,Kowalski,25,user134
135,Anna,Kowalski,26,user135
136,Elena,Brown,26,user136
137,Olga,Smith,26,user137
138,David,Brown,26,user138
139,John,Müller,26,user139
140,David,Brown,26,user140
141,Alex,Brown,27,user141
142,Alex,Lee,27,user142
143,Anna,Petrov,28,user143
144,Elena,Smith,28,user144
145,John,Ivanov,28,user145
146,Alex,Brown,28,user146
147,Michael,Müller,28,user147
148,Maria,Johnson,28,user148
149,Sophia,Kim,28,user149
150,Elena,Müller,28,user150
151,Maria,Kim,29,user151
152,James,Kowalski,29,user152
153,Olga,Smith,29,user153
154,James,Ivanov,29,user154
155,Sophia,Smith,29,user155
156,Alex,Kim,29,user156
157,Michael,Garcia,30,user157
158,Maria,Kim,30,user158
159,Sophia,Johnson,30,user159
160,Maria,Lee,30,user160
161,Olga,Brown,30,user161
162,Maria,Brown,30,user162
163,David,Petrov,30,user163
164,Olga,Müller,30,user164
165,Elena,Garcia,31,user165
166,Olga,Müller,31,user166
167,David,Kim,31,user167
168,James,Petrov,31,user168
169,Michael,Johnson,31,user169
170,Maria,Müller,31,user170
171,Anna,Garcia,31,user171
172,Anna,Garcia,32,user172
173,Elena,Kim,32,user173
174,Michael,Garcia,32,user174
175,Maria,Lee,32,user175
176,Michael,Lee,32,user176
177,David,Lee,33,user177
178,John,Kim,33,user178
179,Maria,Johnson,33,user179
180,Maria,Johnson,33,user180
181,Michael,Johnson,33,user181
182,Elena,Brown,33,user182
183,James,Smith,33,user183
184,James,Müller,34,user184
185,Elena,Johnson,34,user185
186,Michael,Lee,34,user186
187,Michael,Smith,34,user187
188,David,Petrov,34,user188
189,David,Lee,34,user189
190,Olga,Müller,35,user190
191,Anna,Brown,35,user191
192,Sophia,Kowalski,36,user192
193,Maria,Lee,36,user193
194,James,Lee,36,user194
195,Maria,Ivanov,36,user195
196,Olga,Kowalski,36,user196
197,Michael,Müller,36,user197
198,Olga,Petrov,36,user198
199,James,Smith,37,user199
200,Olga,Ivanov,37,user200
201,Alex,Brown,37,user201
202,David,Ivanov,37,user202
203,Elena,Lee,37,user203
204,Alex,Brown,37,user204
205,John,Petrov,37,user205
206,Michael,Johnson,38,user206
207,John,Smith,38,user207
208,Maria,Müller,38,user208
209,Anna,Garcia,38,user209
210,Michael,Kim,38,user210
211,Elena,Brown,38,user211
212,Elena,Ivanov,38,user212
213,Elena,Petrov,39,user213
214,Olga,Johnson,39,user214
215,Alex,Brown,39,user215
216,John,Petrov,39,user216
217,Alex,Johnson,39,user217
218,David,Kim,39,user218
219,Michael,Kim,39,user219
220,Sophia,Garcia,40,user220
221,David,Kowalski,40,user221
222,James,Johnson,40,user222
223,Elena,Garcia,40,user223
224,Maria,Ivanov,40,user224
225,Olga,Kim,40,user225
226,David,Smith,41,user226
227,Anna,Garcia,41,user227
228,Olga,Smith,41,user228
229,Alex,Kowalski,41,user229
230,David,Kowalski,41,user230
231,John,Ivanov,41,user231
232,Elena,Johnson,42,user232
233,Alex,Kim,42,user233
234,Michael,Brown,42,user234
235,John,Garcia,42,user235
236,Anna,Müller,43,user236
237,James,Lee,43,user237
238,Maria,Garcia,43,user238
239,Alex,Garcia,43,user239
240,Alex,Kim,43,user240
241,Maria,Lee,43,user241
242,Michael,Petrov,44,user242
243,Michael,Garcia,44,user243
244,David,Johnson,44,user244
245,Michael,Smith,44,user245
246,Elena,Brown,44,user246
247,Olga,Kim,44,user247
248,Elena,Johnson,45,user248
249,Michael,Johnson,45,user249
250,Anna,Garcia,45,user250
251,Olga,Garcia,45,user251
252,James,Johnson,45,user252
253,Michael,Ivanov,45,user253
254,Elena,Kowalski,45,user254
255,Elena,Brown,45,user255
256,James,Johnson,46,user256
257,James,Müller,46,user257
258,Elena,Lee,47,user258
259,John,Kowalski,47,user259
260,Maria,Brown,47,user260
261,Anna,Brown,48,user261
262,Olga,Brown,48,user262
263,Maria,Brown,48,user263
264,Sophia,Kim,48,user264
265,Olga,Petrov,49,user265
266,Sophia,Petrov,49,user266
267,Olga,Lee,49,user267
268,Elena,Brown,49,user268
269,Sophia,Johnson,49,user269
270,Sophia,Kim,49,user270
271,David,Ivanov,49,user271
272,Olga,Smith,49,user272
273,James,Johnson,50,user273
274,David,Kim,50,user274
275,Sophia,Smith,50,user275
276,Alex,Lee,50,user276
277,David,Johnson,51,user277
278,Maria,Petrov,51,user278
279,Olga,Müller,51,user279
280,Michael,Kim,51,user280
281,Olga,Müller,51,user281
282,Alex,Kim,51,user282
283,Olga,Kowalski,51,user283
284,Elena,Petrov,51,user284
285,James,Brown,52,user285
286,Alex,Kim,52,user286
287,Maria,Lee,52,user287
288,Maria,Müller,52,user288
289,John,Smith,52,user289
290,Sophia,Kim,53,user290
291,James,Müller,53,user291
292,Olga,Brown,53,user292
293,Elena,Ivanov,54,user293
294,Michael,Garcia,54,user294
295,Elena,Petrov,54,user295
296,Alex,Lee,54,user296
297,Elena,Johnson,55,user297
298,James,Garcia,55,user298
299,David,Petrov,56,user299
300,John,Lee,56,user300
301,Maria,Petrov,56,user301
302,John,Lee,56,user302
303,Michael,Brown,57,user303
304,Olga,Johnson,57,user304
305,David,Müller,57,user305
306,Michael,Lee,57,user306
307,John,Müller,58,user307
308,Maria,Garcia,58,user308
309,James,Lee,58,user309
310,Alex,Lee,58,user310
311,David,Brown,58,user311
312,Anna,Lee,58,user312
313,Sophia,Kowalski,58,user313
314,Anna,Brown,58,user314
315,Maria,Ivanov,59,user315
316,Maria,Müller,59,user316
317,James,Müller,59,user317
318,Elena,Petrov,60,user318
319,John,Petrov,60,user319
320,John,Brown,61,user320
321,John,Petrov,61,user321
322,John,Kim,61,user322
323,Alex,Garcia,61,user323
324,Elena,Kowalski,61,user324
325,Olga,Ivanov,62,user325
326,Sophia,Kowalski,62,user326
327,James,Kowalski,62,user327
328,David,Kim,62,user328
329,Anna,Lee,62,user329
330,Olga,Kim,63,user330
331,Sophia,Ivanov,63,user331
332,Michael,Müller,63,user332
333,James,Garcia,63,user333
334,John,Kowalski,63,user334
335,Olga,Brown,63,user335
336,David,Smith,63,user336
337,Sophia,Lee,64,user337
338,James,Johnson,64,user338
339,James,Johnson,64,user339
340,David,Johnson,64,user340
341,John,Ivanov,64,user341
342,Sophia,Müller,64,user342
343,John,Garcia,64,user343
344,Anna,Kim,65,user344
345,Elena,Smith,65,user345
346,Alex,Garcia,66,user346
347,James,Lee,66,user347
348,Anna,Garcia,66,user348
349,Maria,Lee,66,user349
350,Anna,Smith,66,user350
351,Maria,Lee,67,user351
352,John,Brown,67,user352
353,Alex,Ivanov,67,user353
354,Sophia,Brown,67,user354
355,Sophia,Kim,68,user355
356,Olga,Smith,68,user356
357,Maria,Smith,68,user357
358,David,Kowalski,68,user358
359,John,Müller,68,user359
360,Olga,Müller,68,user360
361,Michael,Johnson,68,user361
362,David,Kowalski,68,user362
363,Maria,Smith,69,user363
364,Anna,Garcia,69,user364
365,Olga,Kim,69,user365
366,Maria,Johnson,69,user366
367,Sophia,Petrov,70,user367
368,James,Smith,70,user368
369,James,Petrov,70,user369
370,Anna,Brown,70,user370
371,David,Garcia,70,user371
372,Alex,Petrov,70,user372
373,Elena,Kowalski,70,user373
374,Olga,Garcia,70,user374
375,Maria,Müller,71,user375
376,Elena,Johnson,71,user376
377,James,Müller,71,user377
378,James,Müller,72,user378
379,Alex,Garcia,72,user379
380,Sophia,Smith,72,user380
381,Michael,Lee,72,user381
382,David,Smith,72,user382
383,Elena,Johnson,72,user383
384,Anna,Johnson,73,user384
385,Olga,Lee,73,user385
386,John,Smith,73,user386
387,Elena,Müller,73,user387
388,John,Kim,74,user388
389,Sophia,Brown,74,user389
390,John,Johnson,74,user390
391,Sophia,Smith,74,user391
392,Anna,Smith,75,user392
393,Anna,Smith,75,user393
394,Elena,Ivanov,75,user394
395,James,Garcia,75,user395
396,James,Kim,76,user396
397,David,Smith,76,user397
398,Anna,Ivanov,76,user398
399,Elena,Smith,76,user399
400,Elena,Ivanov,76,user400
401,Maria,Lee,76,user401
402,Michael,Garcia,76,user402
403,Sophia,Garcia,76,user403
404,John,Kim,77,user404
405,Sophia,Lee,77,user405
406,James,Ivanov,77,user406
407,Maria,Garcia,77,user407
408,Michael,Petrov,78,user408
409,John,Müller,78,user409
410,Elena,Johnson,79,user410
411,Maria,Lee,79,user411
412,David,Ivanov,79,user412
413,Sophia,Petrov,79,user413
414,Michael,Brown,80,user414
415,Sophia,Lee,80,user415
416,Sophia,Smith,80,user416
417,Elena,Petrov,80,user417
418,Michael,Ivanov,80,user418
419,Alex,Johnson,80,user419
420,Michael,Lee,80,user420
421,John,Smith,81,user421
422,John,Petrov,81,user422
423,Sophia,Smith,81,user423
424,John,Johnson,81,user424
425,Anna,Lee,81,user425
426,Elena,Garcia,81,user426
427,Alex,Petrov,82,user427
428,John,Kim,82,user428
429,Elena,Lee,82,user429
430,Sophia,Johnson,82,user430
431,Olga,Brown,82,user431
432,James,Lee,82,user432
433,Elena,Ivanov,83,user433
434,Anna,Johnson,83,user434
435,Alex,Brown,83,user435
436,Sophia,Müller,83,user436
437,Michael,Müller,83,user437
438,David,Ivanov,84,user438
439,Sophia,Kowalski,84,user439
440,David,Kim,85,user440
441,Anna,Johnson,85,user441
442,John,Johnson,85,user442
443,Sophia,Brown,85,user443
444,Sophia,Johnson,85,user444
445,Elena,Lee,85,user445
446,Maria,Müller,86,user446
447,James,Ivanov,86,user447
448,David,Brown,86,user448
449,John,Lee,86,user449
450,James,Kowalski,86,user450
451,Maria,Kowalski,86,user451
452,John,Kowalski,86,user452
453,Sophia,Smith,87,user453
454,Elena,Müller,87,user454
455,Olga,Lee,87,user455
456,Sophia,Müller,87,user456
457,John,Petrov,87,user457
458,Maria,Johnson,87,user458
459,David,Garcia,87,user459
460,Sophia,Müller,87,user460
461,Michael,Petrov,88,user461
462,Maria,Brown,88,user462
463,Elena,Johnson,88,user463
464,Sophia,Kim,88,user464
465,James,Lee,88,user465
466,James,Petrov,89,user466
467,John,Brown,89,user467
468,Michael,Müller,89,user468
469,Alex,Johnson,90,user469
470,James,Brown,90,user470
471,David,Brown,90,user471
472,John,Lee,90,user472
473,Anna,Lee,90,user473
474,James,Ivanov,90,user474
475,Maria,Ivanov,90,user475
476,Anna,Müller,90,user476
477,John,Ivanov,91,user477
478,Olga,Müller,91,user478
479,Maria,Müller,91,user479
480,John,Petrov,91,user480
481,John,Brown,92,user481
482,Olga,Petrov,92,user482
483,Elena,Petrov,92,user483
484,Alex,Smith,92,user484
485,Maria,Smith,92,user485
486,Olga,Ivanov,92,user486
487,Anna,Petrov,93,user487
488,Michael,Petrov,93,user488
489,Alex,Kim,93,user489
490,James,Ivanov,93,user490
491,David,Kim,93,user491
492,Anna,Garcia,93,user492
493,David,Kim,93,user493
494,Alex,Brown,94,user494
495,Sophia,Garcia,94,user495
496,Sophia,Kowalski,95,user496
497,Elena,Petrov,95,user497
498,John,Lee,95,user498
499,Elena,Lee,95,user499
500,Michael,Brown,95,user500
501,Elena,Müller,96,user501
502,James,Johnson,96,user502
503,Elena,Kowalski,96,user503
504,Sophia,Johnson,96,user504
505,David,Kim,96,user505
506,Anna,Brown,96,user506
507,Maria,Smith,96,user507
508,David,Garcia,96,user508
509,Olga,Garcia,97,user509
510,Anna,Brown,97,user510
511,Elena,Petrov,97,user511
512,Elena,Kowalski,97,user512
513,John,Kim,97,user513
514,James,Kim,97,user514
515,Sophia,Ivanov,97,user515
516,Sophia,Smith,97,user516
517,Michael,Müller,98,user517
518,Sophia,Kowalski,98,user518
519,Olga,Lee,99,user519
520,Alex,Smith,99,user520
521,David,Kim,99,user521
522,Sophia,Ivanov,100,user522
523,James,Smith,100,user523
524,Maria,Garcia,100,user524
525,John,Ivanov,100,user525
526,Elena,Garcia,100,user526
527,Elena,Smith,100,user527
528,Alex,Petrov,101,user528
529,James,Kowalski,101,user529
530,Elena,Müller,101,user530
531,David,Johnson,101,user531
532,Michael,Müller,101,user532
533,James,Ivanov,102,user533
534,Olga,Petrov,102,user534
535,Maria,Brown,102,user535
536,Maria,Garcia,102,user536
537,Elena,Lee,102,user537
538,Elena,Brown,103,user538
539,Anna,Petrov,103,user539
540,James,Garcia,103,user540
541,James,Smith,103,user541
542,Alex,Smith,103,user542
543,John,Lee,103,user543
544,Sophia,Müller,104,user544
545,Sophia,Brown,104,user545
546,Olga,Müller,104,user546
547,John,Lee,104,user547
548,Olga,Lee,104,user548
549,John,Garcia,104,user549
550,Olga,Ivanov,104,user550
551,Olga,Lee,104,user551
552,James,Müller,105,user552
553,Sophia,Petrov,105,user553
554,David,Kim,105,user554
555,Alex,Lee,105,user555
556,Elena,Johnson,105,user556
557,Michael,Petrov,105,user557
558,Alex,Petrov,106,user558
559,Sophia,Ivanov,106,user559
560,Olga,Petrov,106,user560
561,Anna,Smith,106,user561
562,Sophia,Brown,107,user562
563,James,Petrov,107,user563
564,Michael,Brown,107,user564
565,Anna,Smith,107,user565
566,Olga,Johnson,107,user566
567,Anna,Smith,107,user567
568,Elena,Garcia,108,user568
569,John,Garcia,108,user569
570,Anna,Garcia,108,user570
571,James,Petrov,108,user571
572,Sophia,Smith,108,user572
573,John,Müller,109,user573
574,Anna,Müller,109,user574
575,Elena,Kim,109,user575
576,James,Garcia,109,user576
577,Elena,Brown,109,user577
578,Sophia,Müller,109,user578
579,Elena,Müller,109,user579
580,David,Petrov,110,user580
581,Sophia,Kowalski,110,user581
582,Anna,Ivanov,110,user582
583,James,Ivanov,110,user583
584,David,Ivanov,111,user584
585,Anna,Kim,111,user585
586,Elena,Kim,111,user586
587,James,Ivanov,112,user587
588,David,Johnson,112,user588
589,Olga,Müller,112,user589
590,Michael,Garcia,112,user590
591,Elena,Brown,113,user591
592,David,Smith,113,user592
593,David,Johnson,113,user593
594,Elena,Kim,113,user594
595,David,Kim,113,user595
596,Anna,Kowalski,113,user596
597,James,Ivanov,113,user597
598,James,Ivanov,113,user598
599,Maria,Petrov,114,user599
600,Olga,Kowalski,114,user600
601,Anna,Smith,114,user601
602,James,Kowalski,115,user602
603,Anna,Smith,115,user603
604,Maria,Garcia,115,user604
605,Elena,Kim,115,user605
606,Maria,Brown,115,user606
607,Alex,Müller,115,user607
608,John,Garcia,115,user608
609,Sophia,Kim,116,user609
610,Anna,Ivanov,116,user610
611,Elena,Ivanov,116,user611
612,Alex,Johnson,116,user612
613,Olga,Kowalski,116,user613
614,James,Smith,116,user614
615,John,Garcia,116,user615
616,John,Smith,117,user616
617,Michael,Kim,117,user617
618,John,Ivanov,117,user618
619,Alex,Smith,117,user619
620,David,Petrov,117,user620
621,Olga,Johnson,117,user621
622,Elena,Ivanov,117,user622
623,Sophia,Müller,117,user623
624,Sophia,Brown,118,user624
625,James,Kim,118,user625
626,David,Kowalski,118,user626
627,Maria,Lee,118,user627
628,John,Kim,118,user628
629,David,Brown,118,user629
630,Elena,Ivanov,119,user630
631,Olga,Kowalski,119,user631
632,Olga,Garcia,120,user632
633,Michael,Müller,120,user633
634,Elena,Johnson,120,user634
